<application>
  <component name="CodeFoldingSettings">
    <option name="COLLAPSE_IMPORTS" value="false" />
    <option name="COLLAPSE_FILE_HEADER" value="false" />
  </component>
  <component name="CodeInsightSettings">
    <option name="REFORMAT_ON_PASTE" value="1" />
    <option name="INDENT_TO_CARET_ON_PASTE" value="true" />
  </component>
  <component name="DefaultFont">
    <option name="FONT_SIZE" value="16" />
    <option name="FONT_FAMILY" value="D2Coding" />
  </component>
</application>